年,月,最低気温(℃)
1946,1,-4
1946,2,-3.6
1946,3,-4.1
1946,4,1.1
1946,5,5.3
1946,6,13.5
1946,7,19.8
1946,8,18.8
1946,9,12.7
1946,10,5
1946,11,2.6
1946,12,-2.6
1947,1,-6.2
1947,2,-5.4
1947,3,-4.2
1947,4,-0.1
1947,5,2.6
1947,6,11.3
1947,7,17.4
1947,8,18.3
1947,9,13
1947,10,6.1
1947,11,1.1
1947,12,-6.3
1948,1,-4.7
1948,2,-3.6
1948,3,-1.2
1948,4,1.7
1948,5,9
1948,6,11
1948,7,20.5
1948,8,18.6
1948,9,11.3
1948,10,7.9
1948,11,1.1
1948,12,-0.5
1949,1,-1.3
1949,2,-2.5
1949,3,-2.8
1949,4,0.1
1949,5,5.9
1949,6,12
1949,7,16.6
1949,8,18.8
1949,9,14.5
1949,10,3.3
1949,11,0.9
1949,12,-4.2
1950,1,-6.6
1950,2,-3.4
1950,3,-2.1
1950,4,1.2
1950,5,8.9
1950,6,12.8
1950,7,15.5
1950,8,18.4
1950,9,14.2
1950,10,7.3
1950,11,1
1950,12,-2.7
1951,1,-7.6
1951,2,-3.8
1951,3,-3.3
1951,4,2.3
1951,5,3.9
1951,6,13.9
1951,7,16.5
1951,8,18.5
1951,9,11.7
1951,10,7.4
1951,11,0.4
1951,12,-0.7
1952,1,-3.4
1952,2,-4.9
1952,3,-2.1
1952,4,1
1952,5,4.3
1952,6,13.7
1952,7,16.4
1952,8,17.8
1952,9,13.9
1952,10,5.8
1952,11,2.2
1952,12,-4
1953,1,-6.6
1953,2,-3.6
1953,3,-0.2
1953,4,1.8
1953,5,2.2
1953,6,13.5
1953,7,17.7
1953,8,16.6
1953,9,12.7
1953,10,7
1953,11,0.9
1953,12,-2.2
1954,1,-3.2
1954,2,-4.1
1954,3,-3.5
1954,4,-0.2
1954,5,4.8
1954,6,12.2
1954,7,15.8
1954,8,18.2
1954,9,12.4
1954,10,8.2
1954,11,2.1
1954,12,-0.8
1955,1,-3.3
1955,2,-4.1
1955,3,-2.3
1955,4,0.3
1955,5,7.4
1955,6,10.7
1955,7,19
1955,8,17.8
1955,9,11
1955,10,7.2
1955,11,0.1
1955,12,-2.6
1956,1,-3
1956,2,-6.5
1956,3,-2.3
1956,4,-0.4
1956,5,6.4
1956,6,12.9
1956,7,17.5
1956,8,14.5
1956,9,11.4
1956,10,5.1
1956,11,1.3
1956,12,-3.3
1957,1,-4.4
1957,2,-3.5
1957,3,-4.1
1957,4,0.5
1957,5,2.9
1957,6,11
1957,7,17.7
1957,8,17.8
1957,9,10.9
1957,10,6.1
1957,11,-0.5
1957,12,-2.9
1958,1,-4
1958,2,-2.3
1958,3,-3.9
1958,4,-0.5
1958,5,6.1
1958,6,12.6
1958,7,18.6
1958,8,17.4
1958,9,13.9
1958,10,5.3
1958,11,0.5
1958,12,-0.4
1959,1,-5.3
1959,2,-2.9
1959,3,-1.5
1959,4,1
1959,5,6.7
1959,6,12.8
1959,7,17.2
1959,8,19.1
1959,9,14.6
1959,10,6.4
1959,11,0
1959,12,-1.5
1960,1,-4.4
1960,2,-4.6
1960,3,-2
1960,4,-0.5
1960,5,5
1960,6,11.2
1960,7,17
1960,8,18.7
1960,9,9.3
1960,10,5.7
1960,11,-0.8
1960,12,-2.5
1961,1,-6.6
1961,2,-4.9
1961,3,-2.2
1961,4,2
1961,5,7.6
1961,6,11.7
1961,7,18.9
1961,8,17.2
1961,9,13.1
1961,10,5.1
1961,11,1.9
1961,12,-0.1
1962,1,-2.7
1962,2,-2.3
1962,3,-1.8
1962,4,0.8
1962,5,4.7
1962,6,12.1
1962,7,17.8
1962,8,17.3
1962,9,9.9
1962,10,5.1
1962,11,1.1
1962,12,-1.3
1963,1,-4
1963,2,-3.7
1963,3,-3.9
1963,4,-0.5
1963,5,4.4
1963,6,12.4
1963,7,18.5
1963,8,17.4
1963,9,11.4
1963,10,6.9
1963,11,1.3
1963,12,-0.3
1964,1,-1.3
1964,2,-2.6
1964,3,-1.2
1964,4,4
1964,5,8.2
1964,6,13
1964,7,18.1
1964,8,22.5
1964,9,10
1964,10,3.8
1964,11,1.5
1964,12,-1.1
1965,1,-3.8
1965,2,-4.2
1965,3,-3.8
1965,4,-0.2
1965,5,3.5
1965,6,11
1965,7,15.9
1965,8,17.1
1965,9,12.3
1965,10,7.8
1965,11,0.1
1965,12,-4.2
1966,1,-4.7
1966,2,-4
1966,3,-1.9
1966,4,-1.1
1966,5,4.7
1966,6,11.3
1966,7,13.5
1966,8,17
1966,9,9.7
1966,10,7.3
1966,11,1.4
1966,12,-2.9
1967,1,-5.4
1967,2,-9.4
1967,3,-2.5
1967,4,0.1
1967,5,7.2
1967,6,11.8
1967,7,12.9
1967,8,17.2
1967,9,11.7
1967,10,6.7
1967,11,0.7
1967,12,-5.5
1968,1,-3.7
1968,2,-8.3
1968,3,-1.8
1968,4,1.8
1968,5,5.7
1968,6,11.3
1968,7,14.4
1968,8,16.6
1968,9,12.3
1968,10,4.9
1968,11,1.9
1968,12,-0.4
1969,1,-4.8
1969,2,-4.8
1969,3,-4.6
1969,4,-0.4
1969,5,3.7
1969,6,10.1
1969,7,17.1
1969,8,18.4
1969,9,12
1969,10,5.7
1969,11,-1.2
1969,12,-9.5
1970,1,-6.4
1970,2,-4.3
1970,3,-4.2
1970,4,-1.8
1970,5,9.8
1970,6,10.8
1970,7,18.9
1970,8,18.8
1970,9,11.3
1970,10,5.1
1970,11,-1.8
1970,12,-2.2
1971,1,-5.2
1971,2,-6.6
1971,3,-5.4
1971,4,1.1
1971,5,4
1971,6,13.2
1971,7,18.3
1971,8,17
1971,9,14.3
1971,10,5.2
1971,11,-0.1
1971,12,-2
1972,1,-2.9
1972,2,-3.9
1972,3,-0.9
1972,4,-1.2
1972,5,5.9
1972,6,11.7
1972,7,16.8
1972,8,16.9
1972,9,13.3
1972,10,8.3
1972,11,0.6
1972,12,-2
1973,1,-1.9
1973,2,-4
1973,3,-3
1973,4,0.8
1973,5,5.7
1973,6,9.6
1973,7,18.9
1973,8,20.9
1973,9,14.8
1973,10,5.7
1973,11,0.1
1973,12,-2.4
1974,1,-2.9
1974,2,-6.3
1974,3,-2.9
1974,4,1.5
1974,5,4.7
1974,6,13.8
1974,7,16.9
1974,8,18.8
1974,9,11.4
1974,10,5.7
1974,11,0.8
1974,12,-1.9
1975,1,-4.1
1975,2,-5.7
1975,3,-1.7
1975,4,1.4
1975,5,8.3
1975,6,13.8
1975,7,15.7
1975,8,16.9
1975,9,11.5
1975,10,7.3
1975,11,2
1975,12,-0.9
1976,1,-5.1
1976,2,-5.5
1976,3,-3.4
1976,4,-0.5
1976,5,5.7
1976,6,15
1976,7,12.7
1976,8,15.1
1976,9,9.3
1976,10,5.9
1976,11,0.6
1976,12,-5.5
1977,1,-6.6
1977,2,-5.3
1977,3,-4.3
1977,4,0.2
1977,5,6.4
1977,6,10.4
1977,7,18.9
1977,8,18.7
1977,9,11.4
1977,10,5.6
1977,11,0.5
1977,12,-1.4
1978,1,-4.3
1978,2,-10.6
1978,3,-2.1
1978,4,-0.6
1978,5,8.3
1978,6,12
1978,7,20.9
1978,8,18.4
1978,9,13.5
1978,10,5.9
1978,11,3.3
1978,12,-1.2
1979,1,-2.6
1979,2,-1.2
1979,3,-0.2
1979,4,1
1979,5,6.9
1979,6,10
1979,7,16.2
1979,8,17.7
1979,9,14.2
1979,10,7.7
1979,11,2.6
1979,12,-0.2
1980,1,-3.2
1980,2,-2.9
1980,3,-2.9
1980,4,0
1980,5,5.3
1980,6,13.3
1980,7,17.6
1980,8,17.7
1980,9,12
1980,10,5.9
1980,11,0.9
1980,12,-0.4
1981,1,-2.7
1981,2,-5.7
1981,3,-2.9
1981,4,-0.1
1981,5,6.2
1981,6,11.9
1981,7,18.1
1981,8,18
1981,9,11.9
1981,10,7.6
1981,11,0.3
1981,12,-1
1982,1,-4
1982,2,-5.6
1982,3,-1.1
1982,4,1.5
1982,5,9.1
1982,6,13.7
1982,7,15.1
1982,8,20.8
1982,9,14.1
1982,10,7.4
1982,11,0.5
1982,12,0.2
1983,1,-2.1
1983,2,-7
1983,3,-1
1983,4,2.5
1983,5,7.3
1983,6,12.7
1983,7,17.1
1983,8,20.6
1983,9,13.2
1983,10,3
1983,11,-0.6
1983,12,-6.8
1984,1,-8.3
1984,2,-6.4
1984,3,-4.8
1984,4,-1
1984,5,6.8
1984,6,14.5
1984,7,17.5
1984,8,20.5
1984,9,11.4
1984,10,6.4
1984,11,0.5
1984,12,-3.6
1985,1,-7.9
1985,2,-3
1985,3,-3.1
1985,4,1
1985,5,6.9
1985,6,13.5
1985,7,18.1
1985,8,23.3
1985,9,12.5
1985,10,4.8
1985,11,-0.4
1985,12,-3.2
1986,1,-5.8
1986,2,-6.6
1986,3,-2.1
1986,4,1.4
1986,5,8.2
1986,6,10.2
1986,7,15.2
1986,8,20.2
1986,9,13.4
1986,10,5
1986,11,1.5
1986,12,-0.7
1987,1,-3.8
1987,2,-4.7
1987,3,-2.7
1987,4,-0.9
1987,5,6.7
1987,6,12.7
1987,7,18.3
1987,8,20.9
1987,9,12.1
1987,10,8.7
1987,11,0.8
1987,12,-1.8
1988,1,-2
1988,2,-6.6
1988,3,-2.6
1988,4,1.3
1988,5,7.2
1988,6,12.8
1988,7,17.3
1988,8,19.8
1988,9,14.9
1988,10,6
1988,11,0.6
1988,12,-0.9
1989,1,-3.1
1989,2,-1.9
1989,3,0.2
1989,4,1.8
1989,5,8.7
1989,6,12.3
1989,7,16.3
1989,8,18.9
1989,9,12.8
1989,10,7.6
1989,11,2.5
1989,12,-0.1
1990,1,-4.8
1990,2,-3.1
1990,3,0
1990,4,2.2
1990,5,8.1
1990,6,14.6
1990,7,18.6
1990,8,19.1
1990,9,16.1
1990,10,8.7
1990,11,3.6
1990,12,0.2
1991,1,-1.5
1991,2,-3.2
1991,3,-2.2
1991,4,0.8
1991,5,3.7
1991,6,15.3
1991,7,18.2
1991,8,15.3
1991,9,13.9
1991,10,9.6
1991,11,1.2
1991,12,-1
1992,1,-1.1
1992,2,-3.6
1992,3,-0.8
1992,4,3.9
1992,5,6.4
1992,6,13
1992,7,17.2
1992,8,20
1992,9,12
1992,10,8.2
1992,11,1.1
1992,12,-0.5
1993,1,-1.2
1993,2,-1.3
1993,3,-0.6
1993,4,1.3
1993,5,6
1993,6,13.3
1993,7,14.4
1993,8,17.8
1993,9,13.8
1993,10,4.9
1993,11,2.2
1993,12,-1.7
1994,1,-2.5
1994,2,-2.9
1994,3,-1.8
1994,4,1
1994,5,8.1
1994,6,13.4
1994,7,18.9
1994,8,22
1994,9,15.5
1994,10,7
1994,11,1.7
1994,12,-1.1
1995,1,-2.5
1995,2,-2.5
1995,3,-0.6
1995,4,1.5
1995,5,8.8
1995,6,11.9
1995,7,18.1
1995,8,19.5
1995,9,13.4
1995,10,9
1995,11,2.4
1995,12,-3.4
1996,1,-3.5
1996,2,-5.9
1996,3,-1.6
1996,4,0.6
1996,5,5.5
1996,6,12.4
1996,7,17.2
1996,8,16.9
1996,9,11.9
1996,10,6.3
1996,11,0.7
1996,12,0.3
1997,1,-3.8
1997,2,-3.9
1997,3,-1.6
1997,4,2.3
1997,5,8.6
1997,6,14.2
1997,7,17.3
1997,8,19.5
1997,9,12.2
1997,10,6
1997,11,2.2
1997,12,-0.8
1998,1,-3.9
1998,2,-3.8
1998,3,-1.4
1998,4,1
1998,5,8.3
1998,6,13.3
1998,7,17.4
1998,8,18.8
1998,9,17.8
1998,10,6.2
1998,11,0.3
1998,12,-0.5
1999,1,-2.5
1999,2,-4.9
1999,3,-2.3
1999,4,2.3
1999,5,7.1
1999,6,13
1999,7,18
1999,8,20.6
1999,9,15
1999,10,6.4
1999,11,0.7
1999,12,-0.9
2000,1,-2
2000,2,-2.8
2000,3,-1.5
2000,4,2.7
2000,5,8.7
2000,6,12.6
2000,7,19
2000,8,22.9
2000,9,13.7
2000,10,7.3
2000,11,1.1
2000,12,-1.4
2001,1,-3.8
2001,2,-3.9
2001,3,-2
2001,4,1.7
2001,5,10.2
2001,6,14.3
2001,7,17.6
2001,8,19.5
2001,9,10
2001,10,8.5
2001,11,2
2001,12,-0.9
2002,1,-2
2002,2,-2.2
2002,3,-1.4
2002,4,3.9
2002,5,8.3
2002,6,13.8
2002,7,19.9
2002,8,17.1
2002,9,12
2002,10,5.4
2002,11,-0.1
2002,12,-2
2003,1,-2.9
2003,2,-4.2
2003,3,-2.2
2003,4,1.9
2003,5,6.3
2003,6,13.2
2003,7,16
2003,8,17.8
2003,9,12.4
2003,10,7.4
2003,11,1.9
2003,12,-0.5
2004,1,-2.3
2004,2,-4
2004,3,-2.1
2004,4,0.9
2004,5,8.2
2004,6,12.8
2004,7,18.4
2004,8,18.2
2004,9,18
2004,10,6.2
2004,11,5.4
2004,12,0
2005,1,-2.1
2005,2,-3.1
2005,3,-3.6
2005,4,0.4
2005,5,7.1
2005,6,14.4
2005,7,18.9
2005,8,20.6
2005,9,14.8
2005,10,7.9
2005,11,2.2
2005,12,-2.3
2006,1,-4.7
2006,2,-4.5
2006,3,-2.2
2006,4,2.4
2006,5,5.9
2006,6,13.9
2006,7,18.2
2006,8,20.7
2006,9,13.3
2006,10,8.7
2006,11,3.2
2006,12,0.7
2007,1,-0.2
2007,2,-1.8
2007,3,-1.1
2007,4,2.8
2007,5,8.3
2007,6,14.1
2007,7,18.3
2007,8,19
2007,9,15.9
2007,10,8.8
2007,11,0.8
2007,12,0.2
2008,1,-2.3
2008,2,-3.2
2008,3,0.1
2008,4,4.6
2008,5,6.6
2008,6,12.4
2008,7,16
2008,8,18.9
2008,9,12.8
2008,10,7
2008,11,0.5
2008,12,-1.9
2009,1,-4.1
2009,2,-1.8
2009,3,-0.1
2009,4,4.4
2009,5,8.5
2009,6,13.2
2009,7,18
2009,8,17.9
2009,9,14.7
2009,10,8.4
2009,11,1.9
2009,12,-0.7
2010,1,-1.7
2010,2,-3.7
2010,3,-1.4
2010,4,0.9
2010,5,7.8
2010,6,13
2010,7,20.1
2010,8,23.3
2010,9,14.1
2010,10,6.5
2010,11,3.3
2010,12,0
2011,1,-2.8
2011,2,-2.2
2011,3,-2.4
2011,4,1
2011,5,7.7
2011,6,13.6
2011,7,19.7
2011,8,20.1
2011,9,13.7
2011,10,8.5
2011,11,2.6
2011,12,-1.4
2012,1,-3.1
2012,2,-4.2
2012,3,-2.3
2012,4,0.6
2012,5,8.1
2012,6,13.7
2012,7,18.6
2012,8,20.3
2012,9,17
2012,10,8.9
2012,11,2.5
2012,12,-2.8
2013,1,-3.4
2013,2,-3.8
2013,3,-3.4
2013,4,1.2
2013,5,6.6
2013,6,15.1
2013,7,19.7
2013,8,20.4
2013,9,13
2013,10,8.2
2013,11,0.4
2013,12,-0.1
2014,1,-4.3
2014,2,-4.4
2014,3,-2.8
2014,4,1.9
2014,5,8.2
2014,6,16
2014,7,18.6
2014,8,19.5
2014,9,13.8
2014,10,7.1
2014,11,2.6
2014,12,-1.3
2015,1,-2.5
2015,2,-3.4
2015,3,-1
2015,4,0.5
2015,5,8.5
2015,6,12
2015,7,18.5
2015,8,18
2015,9,14.6
2015,10,8
2015,11,1.8
2015,12,0.8
2016,1,-2.7
2016,2,-3.5
2016,3,-1.3
2016,4,1.5
2016,5,10.2
2016,6,11.6
2016,7,19.3
2016,8,19.7
2016,9,12.1
2016,10,6.1
2016,11,1.3
2016,12,-0.1
2017,1,-4
2017,2,-2.2
2017,3,-0.2
2017,4,1.6
2017,5,8
2017,6,10.9
2017,7,19
2017,8,17.9
2017,9,11.8
2017,10,8
2017,11,0
2017,12,-0.6
2018,1,-5.9
2018,2,-4.8
2018,3,-1.2
2018,4,2.1
2018,5,8.6
2018,6,12.8
2018,7,19.5
2018,8,15.7
2018,9,14.6
2018,10,7.8
2018,11,3.2
2018,12,-0.6
2019,1,-1.4
2019,2,-1.8
2019,3,0.3
2019,4,1.5
2019,5,7.6
2019,6,14.1
2019,7,18.6
2019,8,18.2
2019,9,13.4
2019,10,8.1
2019,11,0.5
2019,12,-0.6
2020,1,-0.8
2020,2,-3.7
2020,3,0.3
2020,4,2.7
2020,5,7.3
2020,6,13.1
2020,7,18.8
2020,8,21.3
2020,9,12.2
2020,10,6.8
2020,11,3.6
2020,12,-2.9
2021,1,-5
2021,2,-4.2
2021,3,-1.3
2021,4,0.6
2021,5,8.6
2021,6,14
2021,7,20.5
2021,8,19.3
2021,9,13.4
2021,10,7.9
2021,11,1.9
2021,12,-2.5
2022,1,-3.4
2022,2,-2.4
2022,3,-2.3
2022,4,2.3
2022,5,6.9
2022,6,14.2
2022,7,20.2
2022,8,15.7
2022,9,12.3
2022,10,5
2022,11,2.6
2022,12,-1
